CFI,first_name,last_name,positive,birth,birthplace,phone_number,email,last_confirm,sex
MCHLZA52D65M143F,Aliza,Machenry,False,25/04/1952,Zambrone,3462722260,aliza.machenry@gmail.com,17/12/2020,F
MRRFNN60B56B627V,Fernando,Morrow,True,16/02/1960,Cantalice,3314620123,fernando.morrow@gmail.com,31/10/2021,F
VNLRSO67B65G879I,Rose,Vanalstyne,False,25/02/1967,Poppi,3558442212,rose.vanalstyne@gmail.com,,F
CBNLNR55C68I166V,Lenore,Caban,False,28/03/1955,San Sperate,3546447589,lenore.caban@gmail.com,04/01/2021,F
FLRLLL70A54F878K,Lowell,Flores,False,14/01/1970,Netro,3369270204,lowell.flores@gmail.com,,F
MRRNHN86B05F532U,Nathan,Morrison,False,05/02/1986,Monte Isola,3481388699,nathan.morrison@gmail.com,,M
GRFMNC99A63L907Q,Monica,Griffey,False,23/01/1999,Villa di Chiavenna,3212125107,monica.griffey@gmail.com,26/06/2020,F
TRPLND91C26H223D,Linda,Triplett,False,26/03/1991,Reggio nell'Emilia,3528205068,linda.triplett@gmail.com,,M
FYOMTH92T29G812Q,Matthew,Foy,False,29/12/1992,Pomigliano d'Arco,3496827808,matthew.foy@gmail.com,,M
TMSRCC63A01H270X,Rebecca,Tomson,False,01/01/1963,Ribordone,3255408620,rebecca.tomson@gmail.com,,M
NCKRRT54S50E115R,Robert,Nickelson,False,10/11/1954,Gottasecca,3482068704,robert.nickelson@gmail.com,,F
LSTDVD93E03F931R,David,Alston,False,03/05/1993,None,3382384023,david.alston@gmail.com,21/01/2021,M
RCHTRA76T13G846N,Tara,Ruch,True,13/12/1976,Ponte di Piave,3442659311,tara.ruch@gmail.com,28/09/2021,M
CRGMRA80H19G316O,Marie,Craig,False,19/06/1980,Pantigliate,3378357110,marie.craig@gmail.com,21/01/2020,M
LSTDWN85A42I761J,Dawn,Alston,True,02/01/1985,Sirtori,3425880874,dawn.alston@gmail.com,13/10/2021,F
BVLCRL87S10L204H,Charles,Bevelacqua,False,10/11/1987,Tonengo,3235097753,charles.bevelacqua@gmail.com,,M
PRKPLA96D08C835B,Paul,Perkins,False,08/04/1996,Colere,3314854186,paul.perkins@gmail.com,23/05/2021,M
HGRCRL65C66C972D,Charles,Hager,False,26/03/1965,Controguerra,3418756232,charles.hager@gmail.com,,F
KTHKVN60R48I442N,Kevin,Keith,False,08/10/1960,Sarre,3592194546,kevin.keith@gmail.com,31/01/2020,F
LHMWLM50C19G152T,William,Lehman,True,19/03/1950,Osasio,3481602331,william.lehman@gmail.com,01/11/2021,M
DVSGNE86P70A514Z,Eugene,Davis,False,30/09/1986,Avetrana,3251673585,eugene.davis@gmail.com,08/09/2020,F
BRKRRT83M68F833G,Robert,Brooks,False,28/08/1983,Muzzano,3377923526,robert.brooks@gmail.com,11/03/2021,F
JFFGLD70R11L023V,Gerald,Jefferies,False,11/10/1970,Tadasuni,3556792378,gerald.jefferies@gmail.com,15/06/2021,M
RBRLBT92T68A433Y,Elizabeth,Robertson,False,28/12/1992,Arpino,3246759795,elizabeth.robertson@gmail.com,,F
DVSNYD85P45C469G,Nydia,Davis,False,05/09/1985,Cento,3446879181,nydia.davis@gmail.com,03/11/2021,F
BRKMTH99P59F301T,Martha,Birkland,False,19/09/1999,Molochio,3350368756,martha.birkland@gmail.com,,F
MRNRLD53M42F833A,Ronald,Miranda,False,02/08/1953,Muzzano,3438300932,ronald.miranda@gmail.com,,F
TRNPLA98A54E531E,Paul,Transou,False,14/01/1998,Lentella,3383409078,paul.transou@gmail.com,,F
MSALBT52D21C838E,Elizabeth,Maas,False,21/04/1952,Coli,3432066067,elizabeth.maas@gmail.com,16/04/2020,M
CYRBTY81E21F900E,Betty,Cyree,False,21/05/1981,Nissoria,3301702735,betty.cyree@gmail.com,18/05/2021,M
SHPJDN78M41B898Q,Jordan,Shepherd,False,01/08/1978,Casalmaggiore,3349521368,jordan.shepherd@gmail.com,22/02/2020,F
SCTLNA60B27A344J,Alan,Scott,False,27/02/1960,Aquila d'Arroscia,3566828450,alan.scott@gmail.com,,M
RRLSTT52C21B442R,Scott,Arroliga,False,21/03/1952,Calvenzano,3259275505,scott.arroliga@gmail.com,,M
WLSMRY68E15A033Q,Mary,Wiles,False,15/05/1968,Acquaformosa,3532115545,mary.wiles@gmail.com,,M
HRNRSO03D30H935A,Rosia,Horn,False,30/04/2003,San Giustino,3598619653,rosia.horn@gmail.com,,M
LNDVLR02P60C181L,Valerie,Lindgren,False,20/09/2002,Castelveccana,3285222612,valerie.lindgren@gmail.com,,F
LNKWLM82L43D925C,William,Link,False,03/07/1982,Garlasco,3208374867,william.link@gmail.com,,F
HLLCRS73L19I686W,Christopher,Hill,False,19/07/1973,Sesto al Reghena,3405933262,christopher.hill@gmail.com,22/09/2021,M
THBNCY95S60C790H,Nancy,Thibeau,False,20/11/1995,Claut,3315069003,nancy.thibeau@gmail.com,07/01/2021,F
KMPRRT57S12E281M,Robert,Kemp,False,12/11/1957,Iglesias,3319924794,robert.kemp@gmail.com,09/08/2021,M
HRRDTH61T71B718L,Dorothy,Herrera,True,31/12/1961,Caraffa del Bianco,3364737532,dorothy.herrera@gmail.com,01/11/2021,F
SNDFNC03L66G333H,Frances,Sanders,False,26/07/2003,Parete,3320342345,frances.sanders@gmail.com,25/12/2020,F
LGGMRV01R69L772N,Minerva,Liggins,False,29/10/2001,Vernasca,3352071565,minerva.liggins@gmail.com,12/06/2021,F
PRYJCK55A51D732Q,Jack,Peery,False,11/01/1955,Fortunago,3230141421,jack.peery@gmail.com,10/04/2021,F
LVRBRL02R13E912Z,Beverly,Alvarado,False,13/10/2002,Marano Vicentino,3310436572,beverly.alvarado@gmail.com,,M
JCKJSC63S69E789Z,Jessica,Jackson,False,29/11/1963,Macra,3265903824,jessica.jackson@gmail.com,05/10/2020,F
HRTNDR01T09L247D,Andrea,Hart,False,09/12/2001,Torre Canavese,3576691372,andrea.hart@gmail.com,24/05/2021,M
MLLCRL63D09B922Z,Carl,Miller,False,09/04/1963,Casamarciano,3533573670,carl.miller@gmail.com,07/04/2021,M
WNBDRD89R68G643M,Edward,Ownbey,False,28/10/1989,Pieve di Cento,3598204748,edward.ownbey@gmail.com,21/02/2021,F
SMPJRG56R16D530J,Jorge,Simpson,True,16/10/1956,Feltre,3470717768,jorge.simpson@gmail.com,16/10/2021,M
CRNKBR70A30G614S,Kimberly,Cornelius,True,30/01/1970,Satriano di Lucania,3448779067,kimberly.cornelius@gmail.com,20/09/2021,M
GHNJLU57H01A880K,Julie,Ghent,False,01/06/1957,Birori,3359038576,julie.ghent@gmail.com,05/07/2020,M
LWTDNI69L42H936Y,Diane,Lawton,False,02/07/1969,San Giusto Canavese,3554122616,diane.lawton@gmail.com,,F
GVNLRT89B23G543F,Albert,Givens,False,23/02/1989,Piana degli Albanesi,3548993155,albert.givens@gmail.com,,M
MCGSDR53H01B844N,Sandra,Mcginnis,False,01/06/1953,Cartigliano,3321184893,sandra.mcginnis@gmail.com,27/06/2021,M
CRSDTH72S60E161C,Edith,Acres,False,20/11/1972,Greci,3524184717,edith.acres@gmail.com,,F
HGHJSN97L44L496H,Jason,Hughes,False,04/07/1997,Uras,3290534872,jason.hughes@gmail.com,,F
WHTWYN90E47B003G,Wayne,White,False,07/05/1990,Borgiallo,3572492421,wayne.white@gmail.com,,F
JDOJPH90M30I479M,Joseph,Ojeda,False,30/08/1990,Savogna,3350944083,joseph.ojeda@gmail.com,20/06/2020,M
PTRGRG92M21F797L,George,Petrson,False,21/08/1992,Muggiò,3391631830,george.petrson@gmail.com,29/08/2021,M
MROTDY97L64G867J,Trudy,Moore,False,24/07/1997,Pontirolo Nuovo,3268030546,trudy.moore@gmail.com,,F
TNMLRT01A02F058R,Alberto,Tanimoto,False,02/01/2001,Mattie,3278422539,alberto.tanimoto@gmail.com,05/10/2021,M
WLLNHN64L02H967D,Anthony,Williams,False,02/07/1964,San Lorenzo Maggiore,3566679970,anthony.williams@gmail.com,29/03/2020,M
WLKLSO51M17B771R,Louise,Walker,False,17/08/1951,Carfizzi,3506573783,louise.walker@gmail.com,30/09/2021,M
RBMNGL79E49A853B,Angela,Rebman,False,09/05/1979,Bibiana,3576542290,angela.rebman@gmail.com,,F
MRSLSO51S19C954N,Louise,Marsh,False,19/11/1951,Condofuri,3335694682,louise.marsh@gmail.com,04/09/2020,M
WTRLRN82D54H495F,Lorraine,Waters,False,14/04/1982,Roio del Sangro,3297468010,lorraine.waters@gmail.com,,F
WLLLSI02P21B030E,Lisa,Wells,False,21/09/2002,Borgoratto Mormorolo,3566973662,lisa.wells@gmail.com,04/01/2020,M
NDRMRA89A47H684K,Marie,Andrews,False,07/01/1989,Salbertrand,3287452899,marie.andrews@gmail.com,,F
PRRGNN59L51A315P,Glenn,Perry,False,11/07/1959,Antrodoco,3425745701,glenn.perry@gmail.com,06/08/2020,F
GROMRK85H30L347B,Mark,Goree,False,30/06/1985,Travesio,3443855105,mark.goree@gmail.com,,M
CLHRTI03R12B716U,Rita,Calhoun,False,12/10/2003,Capurso,3430792991,rita.calhoun@gmail.com,,M
JHNMRY87E08M209C,Mary,John,False,08/05/1987,Sant'Anna Arresi,3251279557,mary.john@gmail.com,,M
LVNHLD88A18D118A,Harold,Luvene,False,18/01/1988,Costermano sul Garda,3290164944,harold.luvene@gmail.com,26/09/2020,M
BLNMHL87P03D629S,Michelle,Boling,False,03/09/1987,Fivizzano,3285645527,michelle.boling@gmail.com,,M
TRRVNN98T30F423H,Vernon,Turrentine,False,30/12/1998,Montanaso Lombardo,3537302844,vernon.turrentine@gmail.com,15/04/2020,M
RVRJNE77E57C926J,Jean,Rivera,False,17/05/1977,Comignago,3340999488,jean.rivera@gmail.com,02/03/2020,F
STNCRL71A02C033F,Charles,Stanley,False,02/01/1971,Cassinetta di Lugagnano,3544605020,charles.stanley@gmail.com,10/01/2021,M
HRDTMS00L06L741S,Thomas,Hardy,False,06/07/2000,Ventimiglia,3381793703,thomas.hardy@gmail.com,06/03/2020,M
LRADRH75H51D311R,Deborah,Lara,False,11/06/1975,Dobbiaco,3256495178,deborah.lara@gmail.com,08/09/2020,F
MYLDNS62C29A722A,Dennis,Myles,False,29/03/1962,Baunei,3360398253,dennis.myles@gmail.com,29/09/2021,M
SMTBNN71E50B788U,Bonnie,Smith,False,10/05/1971,Carlino,3227522322,bonnie.smith@gmail.com,27/02/2021,F
BLDPLA50R48L333F,Paul,Baldwin,True,08/10/1950,Trarego Viggiona,3264714452,paul.baldwin@gmail.com,01/11/2021,F
LNGMRK58L57L164F,Mark,Langley,False,17/07/1958,Ticengo,3378412775,mark.langley@gmail.com,,F
BRTJMS86B21C244T,James,Barton,False,21/02/1986,Castelnuovo di Val di Cecina,3316463211,james.barton@gmail.com,,M
RBRHHR01M07E271H,Heather,Roberson,False,07/08/2001,Gussago,3248023373,heather.roberson@gmail.com,,M
GPSMDA74T18A203Y,Madie,Gipson,False,18/12/1974,Aliminusa,3315572727,madie.gipson@gmail.com,27/03/2021,M
BLLCRS58T26L165V,Christine,Bell,False,26/12/1958,Ticineto,3335785134,christine.bell@gmail.com,,M
RSNWLM70E59E734N,William,Resner,False,19/05/1970,Luino,3391781459,william.resner@gmail.com,,F
RDSRHR75B56G312F,Richard,Rudasill,False,16/02/1975,Panni,3224392679,richard.rudasill@gmail.com,31/01/2020,F
CWLDNS54S15A427N,Denise,Cowell,False,15/11/1954,Arola,3304816668,denise.cowell@gmail.com,,M
RDEGRG88P58G374T,George,Reed,False,18/09/1988,Patrica,3528899996,george.reed@gmail.com,12/04/2020,F
GLYRRT69M27H212R,Robert,Glynn,False,27/08/1969,Recco,3453344293,robert.glynn@gmail.com,08/09/2020,M
TNGRRT50M08D145A,Robert,Tingley,False,08/08/1950,Cremeno,3501959323,robert.tingley@gmail.com,,M
MDYCRL72B42E213H,Charles,Moody,False,02/02/1972,Grottole,3543241382,charles.moody@gmail.com,,F
TGLMND88L24A089B,Melinda,Tegeler,False,24/07/1988,Agrigento,3207186232,melinda.tegeler@gmail.com,23/09/2021,M
MSLRCE86P19D184G,Eric,Mosley,False,19/09/1986,Crosia,3549358521,eric.mosley@gmail.com,,M
BLLCNT51S54G699R,Cynthia,Ballas,False,14/11/1951,Piraino,3422976742,cynthia.ballas@gmail.com,01/09/2021,F
LWRPRC58P63I310J,Patricia,Lawrence,False,23/09/1958,Santa Sofia,3202939013,patricia.lawrence@gmail.com,,F
SMTRCK88R50A670E,Erick,Smith,False,10/10/1988,Barni,3591290748,erick.smith@gmail.com,26/05/2020,F
GLBKHY56D15H984G,Kathy,Glaab,False,15/04/1956,San Marco dei Cavoti,3244322851,kathy.glaab@gmail.com,,M
DWLJPH93M25M162C,Joseph,Dowell,False,25/08/1993,Zenevredo,3383480350,joseph.dowell@gmail.com,,M
SYRJHN81C22C408P,John,Sayer,False,22/03/1981,Cazzago San Martino,3351817597,john.sayer@gmail.com,25/05/2021,M
CLLCTS74P24B870N,Curtis,Cullars,False,24/09/1974,Casal Cermelli,3303808830,curtis.cullars@gmail.com,20/10/2021,M
HLLJLO82H08H438Y,Joel,Hall,False,08/06/1982,Rocca San Felice,3503077614,joel.hall@gmail.com,26/01/2020,M
BLSYND98M17I306J,Yolanda,Biles,False,17/08/1998,Sant'Arpino,3309640124,yolanda.biles@gmail.com,03/04/2020,M
PTEBTY89C45I089C,Betty,Pete,False,05/03/1989,San Pietro al Tanagro,3546298401,betty.pete@gmail.com,10/07/2020,F
PRSMVN97E41E323Y,Marvin,Parsons,False,01/05/1997,Irgoli,3493104109,marvin.parsons@gmail.com,22/06/2021,F
FRIRRT54A63D751T,Robert,Fiore,False,23/01/1954,Frabosa Soprana,3291607567,robert.fiore@gmail.com,,F
RSHSHR01M09L064H,Esther,Rush,False,09/08/2001,Taurisano,3247899437,esther.rush@gmail.com,,M
FNSJFR01A41E830H,Jeffrey,Fenstermaker,False,01/01/2001,Magreglio,3399052770,jeffrey.fenstermaker@gmail.com,17/03/2020,F
WNDMHW62H56D959P,Mathew,Wendt,False,16/06/1962,Gazzuolo,3530422706,mathew.wendt@gmail.com,,F
BNTLIA53R06I404S,Lia,Bentz,False,06/10/1953,San Vito al Torre,3289068939,lia.bentz@gmail.com,26/03/2021,M
NWLRRT01T54F487D,Robert,Newell,False,14/12/2001,Montedinove,3297707691,robert.newell@gmail.com,04/09/2020,F
PPNCRS88C10G619N,Christy,Pepin,False,10/03/1988,Pietra Marazzi,3385777045,christy.pepin@gmail.com,,M
NTNLNR66C51I847E,Eleanor,Antonio,True,11/03/1966,Sordevolo,3355758994,eleanor.antonio@gmail.com,02/11/2021,F
RTCRNL52T29L540F,Reginald,Ratchford,False,29/12/1952,Vairano Patenora,3407183764,reginald.ratchford@gmail.com,03/05/2020,M
GRHLTT97B28D142Y,Loretta,Graham,False,28/02/1997,Crema,3415820878,loretta.graham@gmail.com,,M
RMSMRA96H61C247A,Mario,Armstrong,False,21/06/1996,Castelpizzuto,3426418371,mario.armstrong@gmail.com,,F
TRVSHN57E63E855Q,Shane,Travis,False,23/05/1957,Malfa,3322771728,shane.travis@gmail.com,01/12/2020,F
PZRKTH88P50B203M,Keith,Pizer,False,10/09/1988,Bronzolo,3587541305,keith.pizer@gmail.com,10/01/2021,F
GDDNIA56M18I247S,Ian,Giddins,False,18/08/1956,Santa Maria la Fossa,3374167944,ian.giddins@gmail.com,15/05/2021,M
JFFJHN78M63G635P,John,Jeffries,False,23/08/1978,Pieve Albignola,3289514626,john.jeffries@gmail.com,26/04/2020,F
VSSMBL84T06D731I,Mable,Vassallo,False,06/12/1984,Fortezza,3564127213,mable.vassallo@gmail.com,06/08/2021,M
CTHRRT94R59L398I,Robert,Cathey,False,19/10/1994,Trevi nel Lazio,3503955544,robert.cathey@gmail.com,28/03/2020,F
RDRTRY80E53L227P,Terry,Rodriguez,False,13/05/1980,Tornimparte,3415042989,terry.rodriguez@gmail.com,24/08/2020,F
MTTLSI61M63F689W,Lisa,Mittler,False,23/08/1961,Montorio nei Frentani,3230129611,lisa.mittler@gmail.com,,F
NDRJSN83C41L963L,Jason,Anderson,False,01/03/1983,Villalvernia,3352987217,jason.anderson@gmail.com,,F
FRLMHL89S08I910I,Michael,Freeland,True,08/11/1989,Spinete,3211122782,michael.freeland@gmail.com,11/10/2021,M
SNTMCK63A66F492E,Mickie,Santos,False,26/01/1963,Montefalco,3276969011,mickie.santos@gmail.com,,F
TYLDYL89D66L628B,Daryl,Taylor,False,26/04/1989,Vallo della Lucania,3249578017,daryl.taylor@gmail.com,18/01/2021,F
RCCJHN51T15C534T,John,Riccio,False,15/12/1951,Cerro al Volturno,3285371429,john.riccio@gmail.com,18/05/2020,M
RSOCRY60C01L345W,Cheryl,Rose,False,01/03/1960,Traversella,3309376053,cheryl.rose@gmail.com,,M
HNLRHR93H24D732J,Richard,Hunley,False,24/06/1993,Fortunago,3313347546,richard.hunley@gmail.com,01/04/2020,M
RMNJFR01S61I545H,Jeffrey,Ramon,False,21/11/2001,Scopello,3533851839,jeffrey.ramon@gmail.com,27/07/2021,F
VRMHHR74E02L169D,Heather,Vermeesch,False,02/05/1974,Tignale,3269231189,heather.vermeesch@gmail.com,,M
WDOGRC84R06L410Q,Grace,Wood,False,06/10/1984,Trezzo Tinella,3315990656,grace.wood@gmail.com,05/02/2021,M
PHLJRY92R65F188H,Jerry,Pahulu,False,25/10/1992,Mezzomerico,3296502265,jerry.pahulu@gmail.com,17/09/2020,F
LGITTH60B19B121F,Timothy,Lige,False,19/02/1960,Brandizzo,3298115945,timothy.lige@gmail.com,,M
WSTLND78C68F320C,Linda,West,False,28/03/1978,Momperone,3472471535,linda.west@gmail.com,,F
MRGGRG89D07I503U,Georgia,Morgan,False,07/04/1989,Scano di Montiferro,3390132006,georgia.morgan@gmail.com,24/09/2020,M
GAEDNL88M08D412K,Daniel,Age,False,08/08/1988,Envie,3263586265,daniel.age@gmail.com,,M
SHPGNE62D12I341X,Gene,Shipp,False,12/04/1962,Sant'Ilario dello Ionio,3248634196,gene.shipp@gmail.com,,M
STRRTI89H67A067O,Rita,Ostrowski,False,27/06/1989,Agazzano,3520687797,rita.ostrowski@gmail.com,29/02/2020,F
PTTJLN86R48E269Y,Juliana,Potter,False,08/10/1986,Gurro,3232938523,juliana.potter@gmail.com,30/03/2020,F
HGAJHN89R31A931W,John,Haug,False,31/10/1989,Boissano,3394239773,john.haug@gmail.com,01/03/2021,M
MNJPLA68E21I046D,Paula,Minjares,False,21/05/1968,San Miniato,3596414287,paula.minjares@gmail.com,,M
WTSPRC59R50I727C,Patrick,Watson,False,10/10/1959,Sigillo,3506412604,patrick.watson@gmail.com,,F
HRRJPH94E58G108O,Josephine,Harrison,False,18/05/1994,Orio al Serio,3587969283,josephine.harrison@gmail.com,,F
DYTWYN80S24D219U,Wayne,Dayton,False,24/11/1980,Curino,3416976931,wayne.dayton@gmail.com,21/07/2021,M
MNCRYA87C41E243C,Ray,Monica,False,01/03/1987,Guardiagrele,3558860831,ray.monica@gmail.com,,F
HRVLLE67E62L712J,Leila,Harvey,False,22/05/1967,Veglio,3408692620,leila.harvey@gmail.com,,F
MLLNAA58S20L596B,Ana,Miller,False,20/11/1958,Vallebona,3406620253,ana.miller@gmail.com,23/12/2020,M
TWNLSO65A19B989F,Louis,Townsend,False,19/01/1965,Casorezzo,3225528204,louis.townsend@gmail.com,,M
GTZRRT77D54A501D,Robert,Getz,True,14/04/1977,Auronzo di Cadore,3302198855,robert.getz@gmail.com,17/10/2021,F
TCIMRY75C66M115X,Mary,Tice,False,26/03/1975,Volla,3394621804,mary.tice@gmail.com,20/05/2020,F
FRDSRH51H23D421U,Sarah,Ford,False,23/06/1951,Erbusco,3268842617,sarah.ford@gmail.com,,M
DXNSHL82M41F170W,Sheila,Dixon,False,01/08/1982,Mezzana Bigli,3430245645,sheila.dixon@gmail.com,,F
BSHLND01H11D020S,Linda,Bishop,False,11/06/2001,Cornedo Vicentino,3582095441,linda.bishop@gmail.com,,M
SBRJPR03H63H134Z,Jasper,Osborn,False,23/06/2003,Quinto Vicentino,3219070524,jasper.osborn@gmail.com,,F
WNEWLL54E50I877I,Willie,Wene,False,10/05/1954,Sovicille,3207060086,willie.wene@gmail.com,,F
LHYJNY55D61E415Q,Jenny,Lahey,False,21/04/1955,Lainate,3217587658,jenny.lahey@gmail.com,21/02/2021,F
LRCCRS78A66E565H,Christopher,Lerch,False,26/01/1978,Levico Terme,3290335909,christopher.lerch@gmail.com,17/01/2021,F
ZHLNTA55A55B062H,Anita,Zuehlke,False,15/01/1955,Bortigali,3567600100,anita.zuehlke@gmail.com,,F
MHRDRO92M01D502Q,Dora,Mohr,False,01/08/1992,Farini,3569784001,dora.mohr@gmail.com,,M
LWMJPH51E26F970H,Joseph,Lowman,False,26/05/1951,Novoli,3312020257,joseph.lowman@gmail.com,,M
LMQJCK00D21B584J,Jack,Elmquist,False,21/04/2000,Candela,3598952479,jack.elmquist@gmail.com,15/05/2020,M
BRTBNT99L54M163O,Brent,Burton,False,14/07/1999,Zenson di Piave,3261280986,brent.burton@gmail.com,,F
BRYRNY56M12E264N,Rodney,Bryant,False,12/08/1956,Guiglia,3556382855,rodney.bryant@gmail.com,,M
MNZDTH61E66H991F,Dorothy,Munoz,False,26/05/1961,San Martino sulla Marrucina,3210278574,dorothy.munoz@gmail.com,19/01/2020,F
VLSRGR59D56E512Y,Roger,Aviles,True,16/04/1959,Legnago,3293689139,roger.aviles@gmail.com,29/09/2021,F
BKRVIA70B48D008R,Iva,Baker,False,08/02/1970,Corio,3276163361,iva.baker@gmail.com,,F
WRGJHN62L44E226X,John,Wright,False,04/07/1962,Grumolo delle Abbadesse,3463188937,john.wright@gmail.com,,F
WLLHLD85B60E177G,Harold,Wells,False,20/02/1985,Grignasco,3387643383,harold.wells@gmail.com,04/06/2021,F
BKRRFL59R44H355E,Rafael,Baker,False,04/10/1959,Rivoli,3329183249,rafael.baker@gmail.com,,F
FNTFNK90P48A532N,Frankie,Fountain,False,08/09/1990,Azzio,3506329508,frankie.fountain@gmail.com,20/08/2020,F
CRCWDL93B59G318U,Wendell,Curci,False,19/02/1993,Paolisi,3230103089,wendell.curci@gmail.com,04/07/2021,F
LZNNRW76T21E799A,Andrew,Lauzon,True,21/12/1976,Mafalda,3472977811,andrew.lauzon@gmail.com,31/10/2021,M
LPRTCY74T64L399R,Tracey,Lepore,False,24/12/1974,Trevico,3512560998,tracey.lepore@gmail.com,23/06/2020,F
CRPGLA93T50C396I,Gail,Corpuz,True,10/12/1993,Cavernago,3287362751,gail.corpuz@gmail.com,13/10/2021,F
RDRHMN85B50D555R,Herman,Rodriguez,False,10/02/1985,Ferriere,3353910549,herman.rodriguez@gmail.com,,F
SMTNHN77L10E069N,Nathan,Smith,False,10/07/1977,Glorenza,3313874054,nathan.smith@gmail.com,,M
MCDRRT65D27I156P,Robert,Mcdonald,False,27/04/1965,San Severino Marche,3393369947,robert.mcdonald@gmail.com,10/01/2020,M
SMSLSU99C44D623Y,Luis,Sims,False,04/03/1999,Fiumefreddo di Sicilia,3430115343,luis.sims@gmail.com,,F
RYNKST67R47C481H,Kristen,Ryan,False,07/10/1967,Ceranesi,3427988749,kristen.ryan@gmail.com,,F
BLLKHL88H52B612Z,Kathleen,Bello,False,12/06/1988,Canneto sull'Oglio,3576329137,kathleen.bello@gmail.com,11/04/2020,F
NLERCE60D21D998M,Eric,Neal,False,21/04/1960,Gesualdo,3321593478,eric.neal@gmail.com,05/06/2021,M
NLSJHN90P14M400I,John,Nelson,False,14/09/1990,Fiumicello Villa Vicentina,3238467975,john.nelson@gmail.com,10/08/2020,M
CKOPYL59R14G760Q,Phyllis,Cook,False,14/10/1959,Poggiofiorito,3576865759,phyllis.cook@gmail.com,,M
PLTDVD61T54G109L,David,Pletcher,False,14/12/1961,Orio Canavese,3466921290,david.pletcher@gmail.com,,F
BLUBNN61S09C080S,Bonnie,Blue,False,09/11/1961,Casteldelci,3459100402,bonnie.blue@gmail.com,,M
CSHTRR58R09B875S,Terri,Cash,False,09/10/1958,Casale Litta,3283150723,terri.cash@gmail.com,,M
NDRMHL73P43F006W,Michael,Anderson,False,03/09/1973,Maschito,3530733107,michael.anderson@gmail.com,24/03/2020,F
RHEBTT83C15B024I,Brittany,Rhea,False,15/03/1983,Borgone Susa,3574445568,brittany.rhea@gmail.com,,M
SLGJSS50M48H957Z,Jesse,Salgado,False,08/08/1950,San Lorenzo al Mare,3560383641,jesse.salgado@gmail.com,14/07/2021,F
RCHDVD81E57B202B,David,Roach,False,17/05/1981,Bronte,3478779355,david.roach@gmail.com,,F
PRZJNT60P51B655S,Juanita,Perez,False,11/09/1960,Capistrano,3284930625,juanita.perez@gmail.com,,F
JHNCRL59B19C485P,Carole,Johnson,False,19/02/1959,Ceraso,3576398486,carole.johnson@gmail.com,22/10/2021,M
BNJTRY77L18L984A,Troy,Benjamin,False,18/07/1977,Villanova d'Asti,3247985102,troy.benjamin@gmail.com,28/03/2021,M
NGNJPH63R57F767C,Joseph,Nugent,False,17/10/1963,Mossa,3410891443,joseph.nugent@gmail.com,15/04/2021,F
